clocks_sm,power_w,util,temp
1912 MHz, 179.42 W, 100 %, 76
1912 MHz, 179.94 W, 100 %, 76
1912 MHz, 179.52 W, 100 %, 76
1912 MHz, 179.60 W, 100 %, 77
1912 MHz, 178.52 W, 100 %, 77
1912 MHz, 179.66 W, 100 %, 76
1912 MHz, 179.28 W, 100 %, 77
1912 MHz, 179.74 W, 100 %, 77
1912 MHz, 179.69 W, 99 %, 77
1912 MHz, 169.84 W, 100 %, 77
1912 MHz, 115.21 W, 78 %, 72
1912 MHz, 58.64 W, 18 %, 66
1912 MHz, 55.76 W, 17 %, 65
1965 MHz, 56.13 W, 75 %, 64
1965 MHz, 56.56 W, 21 %, 63
1965 MHz, 74.90 W, 100 %, 68
1965 MHz, 135.57 W, 100 %, 73
1965 MHz, 169.77 W, 100 %, 74
1965 MHz, 170.01 W, 100 %, 73
1965 MHz, 168.85 W, 100 %, 74
1965 MHz, 171.08 W, 100 %, 74
1965 MHz, 171.62 W, 100 %, 75
1965 MHz, 170.84 W, 100 %, 75
1965 MHz, 170.33 W, 100 %, 75
1965 MHz, 169.03 W, 81 %, 72
1965 MHz, 174.08 W, 100 %, 76
1965 MHz, 179.45 W, 100 %, 75
1965 MHz, 178.27 W, 100 %, 76
1965 MHz, 179.73 W, 100 %, 76
1965 MHz, 179.20 W, 100 %, 76
1965 MHz, 179.70 W, 100 %, 76
1965 MHz, 179.49 W, 96 %, 77
1965 MHz, 178.82 W, 100 %, 76
1912 MHz, 179.73 W, 100 %, 77
1912 MHz, 174.22 W, 100 %, 75
1912 MHz, 175.27 W, 100 %, 77
1912 MHz, 179.77 W, 100 %, 77
1912 MHz, 178.39 W, 100 %, 77
1912 MHz, 179.82 W, 100 %, 77
1912 MHz, 178.73 W, 99 %, 77
1912 MHz, 179.70 W, 100 %, 77
1912 MHz, 179.03 W, 100 %, 77
1912 MHz, 179.86 W, 100 %, 77
1912 MHz, 179.69 W, 100 %, 77
1912 MHz, 178.63 W, 100 %, 77
1912 MHz, 179.46 W, 100 %, 78
1912 MHz, 179.96 W, 99 %, 77
1912 MHz, 179.36 W, 100 %, 78
1912 MHz, 179.78 W, 100 %, 77
1912 MHz, 178.64 W, 100 %, 78
1912 MHz, 179.48 W, 100 %, 78
1912 MHz, 179.21 W, 100 %, 78
1912 MHz, 179.89 W, 100 %, 78
1912 MHz, 179.58 W, 100 %, 78
1942 MHz, 171.96 W, 99 %, 78
1942 MHz, 117.93 W, 16 %, 67
1942 MHz, 60.64 W, 15 %, 66
1942 MHz, 55.26 W, 16 %, 65
1942 MHz, 54.54 W, 15 %, 64
1942 MHz, 51.25 W, 16 %, 63
1942 MHz, 47.85 W, 15 %, 63
1942 MHz, 47.56 W, 16 %, 62
1942 MHz, 47.46 W, 16 %, 62
1942 MHz, 47.34 W, 15 %, 62
1942 MHz, 47.23 W, 16 %, 61
1942 MHz, 47.12 W, 13 %, 61
1942 MHz, 47.04 W, 17 %, 61
1942 MHz, 46.99 W, 15 %, 60
1942 MHz, 46.92 W, 16 %, 60
1942 MHz, 46.81 W, 17 %, 60
1942 MHz, 46.68 W, 15 %, 60
1942 MHz, 46.62 W, 16 %, 59
1942 MHz, 46.57 W, 16 %, 59
1942 MHz, 46.51 W, 17 %, 59
1942 MHz, 46.27 W, 16 %, 59
1837 MHz, 46.05 W, 16 %, 58
1837 MHz, 46.02 W, 16 %, 58
1837 MHz, 45.97 W, 15 %, 58
1837 MHz, 45.98 W, 18 %, 58
1837 MHz, 45.96 W, 15 %, 58
1837 MHz, 45.99 W, 18 %, 58
1837 MHz, 46.06 W, 17 %, 57
1837 MHz, 45.96 W, 16 %, 57
1837 MHz, 45.97 W, 18 %, 57
1837 MHz, 45.93 W, 16 %, 57
1837 MHz, 45.77 W, 16 %, 57
1837 MHz, 45.76 W, 16 %, 57
1837 MHz, 45.76 W, 17 %, 56
1837 MHz, 45.68 W, 15 %, 57
1837 MHz, 45.57 W, 16 %, 56
1837 MHz, 45.49 W, 14 %, 56
1837 MHz, 45.51 W, 17 %, 56
1837 MHz, 45.53 W, 16 %, 56
1837 MHz, 45.50 W, 16 %, 56
1837 MHz, 45.44 W, 16 %, 56
1837 MHz, 45.41 W, 16 %, 56
1837 MHz, 45.38 W, 18 %, 55
1837 MHz, 45.40 W, 16 %, 55
1837 MHz, 45.41 W, 16 %, 55
1837 MHz, 45.29 W, 15 %, 55
1837 MHz, 45.26 W, 16 %, 55
1837 MHz, 45.34 W, 16 %, 55
1837 MHz, 45.29 W, 16 %, 55
1837 MHz, 45.24 W, 16 %, 55
1837 MHz, 45.20 W, 15 %, 55
1837 MHz, 45.15 W, 16 %, 55
1837 MHz, 45.13 W, 15 %, 55
1837 MHz, 45.14 W, 16 %, 55
1837 MHz, 45.13 W, 16 %, 54
1837 MHz, 45.11 W, 15 %, 54
1837 MHz, 45.05 W, 16 %, 54
1837 MHz, 45.03 W, 16 %, 54
1837 MHz, 45.07 W, 16 %, 54
1837 MHz, 45.09 W, 15 %, 54
1837 MHz, 45.11 W, 16 %, 54
1837 MHz, 45.10 W, 15 %, 54
1837 MHz, 45.07 W, 16 %, 54
1837 MHz, 45.05 W, 15 %, 54
1837 MHz, 45.07 W, 16 %, 54
1837 MHz, 45.09 W, 15 %, 54
