1837 MHz, 45.12 W, 16 %, 54
1837 MHz, 45.37 W, 16 %, 54
1837 MHz, 45.58 W, 16 %, 54
1837 MHz, 45.62 W, 16 %, 54
1837 MHz, 45.60 W, 16 %, 54
1837 MHz, 45.73 W, 16 %, 54
1837 MHz, 47.95 W, 16 %, 54
1837 MHz, 50.31 W, 16 %, 54
1837 MHz, 51.95 W, 16 %, 55
1837 MHz, 53.88 W, 16 %, 55
1837 MHz, 57.90 W, 16 %, 55
1837 MHz, 92.38 W, 16 %, 55
1837 MHz, 115.63 W, 16 %, 65
1837 MHz, 150.46 W, 16 %, 65
1837 MHz, 177.91 W, 16 %, 65
1837 MHz, 178.34 W, 16 %, 65
1837 MHz, 178.47 W, 16 %, 65
1837 MHz, 176.77 W, 16 %, 68
1837 MHz, 179.88 W, 16 %, 68
1837 MHz, 179.58 W, 16 %, 68
1837 MHz, 178.47 W, 16 %, 68
1935 MHz, 179.77 W, 100 %, 69
1935 MHz, 179.75 W, 100 %, 69
1935 MHz, 178.57 W, 100 %, 70
1935 MHz, 179.39 W, 100 %, 70
1935 MHz, 179.57 W, 100 %, 70
1935 MHz, 178.56 W, 100 %, 70
1935 MHz, 179.67 W, 100 %, 70
1935 MHz, 179.35 W, 100 %, 70
1935 MHz, 179.50 W, 100 %, 70
